,date,lon,lat,vert,digit_date,E_mm,N_mm,U_mm
0,2016306,121.65193393,25.20860418,30.875,2016.8360655737704,5.027917446568608,20.977834705263376,36.999999999999034
1,2016307,121.65193391,25.20860416,30.883000000000003,2016.8387978142077,3.023193567059934,18.752675969153643,45.000000000001705
2,2016308,121.65193391,25.20860418,30.899,2016.8415300546449,3.0124567565508187,20.96806699410081,60.99999999999994
3,2016309,121.65193396,25.20860415,30.883000000000003,2016.844262295082,8.067216142080724,17.669400200247765,45.000000000001705
4,2016310,121.65193394,25.20860414,30.891,2016.8469945355191,6.057123886421323,16.55193790793419,52.99999999999727
5,2016311,121.6519339,25.20860416,30.888,2016.8497267759562,2.01546325115487,18.74779211357236,50.00000000000071
6,2016312,121.65193389,25.20860415,30.881999999999998,2016.8524590163934,1.0130986920557916,17.63521321117878,43.99999999999693
7,2016313,121.6519339,25.20860416,30.888,2016.8551912568305,2.01546325115487,18.74779211357236,50.00000000000071
8,2016314,121.65193389,25.20860418,30.889,2016.8579234972678,0.9969935636036098,20.958298817276955,50.99999999999838
9,2016315,121.65193391,25.20860418,30.886,2016.860655737705,3.0124567565508187,20.96806699410081,47.999999999998266
10,2016316,121.65193388,25.20860416,30.888,2016.863387978142,0.0,18.738023936748505,50.00000000000071
11,2016317,121.65193394,25.20860415,30.886,2016.8661202185792,6.0517555102705956,17.659632489085197,47.999999999998266
12,2016318,121.65193394,25.20860417,30.881999999999998,2016.8688524590164,6.04101869976148,19.87502397969365,43.99999999999693
13,2016319,121.65193396,25.20860415,30.879,2016.8715846994535,8.067216142080724,17.669400200247765,41.00000000000037
14,2016320,121.65193396,25.20860414,30.89,2016.8743169398906,8.072584576439112,16.561706084758043,51.9999999999996
15,2016321,121.65193394,25.20860414,30.891,2016.877049180328,6.057123886421323,16.55193790793419,52.99999999999727
16,2016322,121.65193398,25.20860415,30.888,2016.879781420765,10.082676832098514,17.67916837707162,50.00000000000071
17,2016323,121.65193394,25.20860416,30.89,2016.8825136612022,6.046387134119868,18.767327535897493,51.9999999999996
18,2016324,121.65193392,25.20860418,30.883000000000003,2016.8852459016393,4.020187130663544,20.972950849682093,45.000000000001705
19,2016325,121.65193396,25.20860417,30.886999999999997,2016.8879781420765,8.05647938977927,19.88479169085622,48.999999999995936
20,2016326,121.65193393,25.2086042,30.884,2016.8907103825136,5.017180694267154,23.193225730210543,45.999999999999375
21,2016327,121.65193394,25.20860419,30.896,2016.8934426229507,6.0302819474600255,22.090413607656956,57.99999999999983
22,2016328,121.65193392,25.20860416,30.893,2016.896174863388,4.0309238829649985,18.757559824734926,54.999999999999716
23,2016329,121.65193391,25.20860417,30.889,2016.8989071038252,3.017825132701546,19.8603724129498,50.99999999999838
24,2016330,121.65193393,25.20860415,30.883000000000003,2016.9016393442623,5.04402257502079,17.6547490991652,45.000000000001705
25,2016331,121.65193397,25.20860417,30.893,2016.9043715846994,9.064209705684334,19.889675546437502,54.999999999999716
26,2016332,121.65193393,25.20860419,30.898000000000003,2016.9071038251366,5.022549070417881,22.08553021773696,60.000000000002274
27,2016333,121.65193397,25.20860419,30.896,2016.9098360655737,9.05347295338288,22.105065640062094,57.99999999999983
28,2016334,121.65193396,25.20860418,30.891,2016.9125683060108,8.051111013628542,20.992486272007227,52.99999999999727
29,2016335,121.65193398,25.20860419,30.912,2016.9153005464482,10.061203327495605,22.109949495643377,73.99999999999807
30,2016336,121.65193396,25.20860418,30.889,2016.9180327868853,8.051111013628542,20.992486272007227,50.99999999999838
31,2016337,121.65193397,25.20860416,30.881999999999998,2016.9207650273224,9.069578140042722,18.781979102641344,43.99999999999693
32,2016338,121.65193399,25.20860417,30.893,2016.9234972677596,11.079672956839204,19.899443723261356,54.999999999999716
33,2016339,121.65193397,25.20860418,30.88,2016.9262295081967,9.058841329533607,20.99737012758851,41.99999999999804
34,2016340,121.65193395,25.2086042,30.878,2016.9289617486338,7.0326439454220235,23.202992975711823,39.99999999999915
35,2016341,121.65193396,25.20860421,30.89,2016.931693989071,8.03500588517636,24.31557234376669,51.9999999999996
36,2016342,121.65193393,25.20860417,30.894000000000002,2016.9344262295083,5.033285822719336,19.870140124112368,56.00000000000094
37,2016343,121.65193395,25.20860416,30.892,2016.9371584699454,7.054117450024933,18.772211391478777,53.999999999998494
38,2016344,121.65193393,25.20860416,30.899,2016.9398907103825,5.038654257077724,18.76244368031621,60.99999999999994
39,2016346,121.65193397,25.20860417,30.886,2016.9453551912568,9.064209705684334,19.889675546437502,47.999999999998266
40,2016347,121.65193401,25.20860415,30.886999999999997,2016.948087431694,13.105870399158448,17.69381994381547,48.999999999995936
41,2016348,121.65193396,25.20860416,30.875999999999998,2016.950819672131,8.061847824137658,18.77709524706006,37.9999999999967
42,2016349,121.65193393,25.20860419,30.881999999999998,2016.9535519125684,5.022549070417881,22.08553021773696,43.99999999999693
43,2016350,121.65193391,25.20860415,30.889,2016.9562841530055,3.0285618850030005,17.644980922341347,50.99999999999838
44,2016351,121.65193392,25.20860414,30.889,2016.9590163934427,4.041660635266453,16.54217066243291,50.99999999999838
45,2016352,121.65193391,25.20860413,30.881999999999998,2016.9617486338798,3.039298695512116,15.429591294378042,43.99999999999693
46,2016353,121.65193392,25.20860412,30.875,2016.964480874317,4.052397387567908,14.326779637485743,36.999999999999034
47,2016354,121.65193392,25.20860413,30.878,2016.967213114754,4.04702901141718,15.434475149959326,39.99999999999915
48,2016355,121.65193401,25.20860415,30.872,2016.9699453551912,13.105870399158448,17.69381994381547,33.99999999999892
49,2016356,121.65193391,25.20860414,30.886999999999997,2016.9726775956285,3.0339303193613887,16.537286341190338,48.999999999995936
50,2016357,121.65193398,25.20860418,30.891,2016.9754098360656,10.066571703646332,21.002253983169794,52.99999999999727
51,2016358,121.65193396,25.2086042,30.893,2016.9781420765028,8.040374261327088,23.207876831293106,54.999999999999716
52,2016359,121.65193395,25.20860418,30.893,2016.98087431694,7.043380697723478,20.987602416425943,54.999999999999716
53,2016360,121.65193399,25.20860416,30.874000000000002,2016.983606557377,11.085041332989931,18.7917472794652,36.000000000001364
54,2016361,121.65193399,25.20860415,30.88,2016.9863387978141,11.090409709140658,17.684052232652903,41.99999999999804
55,2016362,121.65193398,25.20860416,30.885,2016.9890710382513,10.077308455947787,18.786863423883915,47.0000000000006
56,2016363,121.65193391,25.20860413,30.893,2016.9918032786886,3.039298695512116,15.429591294378042,54.999999999999716
57,2016364,121.65193391,25.20860414,30.888,2016.9945355191257,3.0339303193613887,16.537286341190338,50.00000000000071
58,2016365,121.65193392,25.20860414,30.892,2016.9972677595629,4.041660635266453,16.54217066243291,53.999999999998494
59,2016366,121.65193394,25.2086041,30.889,2017.0,6.078597391024232,12.121157255023718,50.99999999999838
60,2017001,121.65193392,25.20860414,30.886,2017.0027397260274,4.041660635266453,16.54217066243291,47.999999999998266
61,2017002,121.65193394,25.20860415,30.891,2017.0054794520547,6.0517555102705956,17.659632489085197,52.99999999999727
62,2017003,121.65193395,25.20860413,30.885,2017.0082191780823,7.070222578477114,15.449126716703176,47.0000000000006
63,2017004,121.65193395,25.20860413,30.883000000000003,2017.0109589041097,7.070222578477114,15.449126716703176,45.000000000001705
64,2017005,121.65193395,25.20860415,30.874000000000002,2017.013698630137,7.05948582617566,17.66451634466648,36.000000000001364
65,2017006,121.65193397,25.20860413,30.886,2017.0164383561644,9.085683268494904,15.458894427865744,47.999999999998266
66,2017007,121.65193398,25.20860415,30.883000000000003,2017.0191780821917,10.082676832098514,17.67916837707162,45.000000000001705
67,2017008,121.65193394,25.20860415,30.889,2017.021917808219,6.0517555102705956,17.659632489085197,50.99999999999838
68,2017009,121.65193397,25.20860416,30.885,2017.0246575342467,9.069578140042722,18.781979102641344,47.0000000000006
69,2017010,121.65193399,25.20860417,30.881999999999998,2017.027397260274,11.079672956839204,19.899443723261356,43.99999999999693
70,2017011,121.65193398,25.20860415,30.901,2017.0301369863014,10.082676832098514,17.67916837707162,62.999999999998835
71,2017012,121.651934,25.20860416,30.894000000000002,2017.0328767123287,12.092771707102656,18.796631135046482,56.00000000000094
72,2017013,121.65193399,25.20860418,30.886,2017.035616438356,11.074304580688477,21.007137838751078,47.999999999998266
73,2017014,121.65193399,25.20860414,30.885,2017.0383561643835,11.095778085291386,16.576357651501894,47.0000000000006
74,2017015,121.65193398,25.20860419,30.894000000000002,2017.041095890411,10.061203327495605,22.109949495643377,56.00000000000094
75,2017016,121.65193396,25.20860418,30.885,2017.0438356164384,8.051111013628542,20.992486272007227,47.0000000000006
76,2017017,121.65193398,25.20860416,30.884,2017.0465753424658,10.077308455947787,18.786863423883915,45.999999999999375
77,2017018,121.65193398,25.20860416,30.886999999999997,2017.0493150684931,10.077308455947787,18.786863423883915,48.999999999995936
78,2017019,121.65193397,25.20860415,30.879,2017.0520547945205,9.07494651619345,17.674284521490335,41.00000000000037
79,2017020,121.65193399,25.20860416,30.878,2017.054794520548,11.085041332989931,18.7917472794652,39.99999999999915
80,2017021,121.65193399,25.20860413,30.884,2017.0575342465754,11.101146519649774,15.46866213902831,45.999999999999375
81,2017022,121.65193397,25.20860416,30.888,2017.0602739726028,9.069578140042722,18.781979102641344,50.00000000000071
82,2017023,121.65193398,25.20860415,30.886,2017.0630136986301,10.082676832098514,17.67916837707162,47.999999999998266
83,2017024,121.65193401,25.20860415,30.891,2017.0657534246575,13.105870399158448,17.69381994381547,52.99999999999727
84,2017025,121.65193395,25.20860413,30.89,2017.0684931506848,7.070222578477114,15.449126716703176,51.9999999999996
85,2017026,121.65193395,25.20860411,30.886999999999997,2017.0712328767124,7.080959330778569,13.233736157417297,48.999999999995936
86,2017029,121.65193396,25.20860413,30.885,2017.0794520547945,8.07795295258984,15.45401057228446,47.0000000000006
87,2017030,121.65193396,25.20860413,30.883000000000003,2017.0821917808219,8.07795295258984,15.45401057228446,45.000000000001705
88,2017031,121.65193403,25.20860416,30.889,2017.0849315068492,15.11596527416259,18.811282701790333,50.99999999999838
89,2017033,121.65193397,25.20860412,30.892,2017.0904109589042,9.091051644645631,14.35119891539216,53.999999999998494
90,2017034,121.65193395,25.2086041,30.883000000000003,2017.0931506849315,7.086327706929296,12.126041110605001,45.000000000001705
91,2017035,121.65193396,25.20860411,30.885,2017.0958904109589,8.088689704891294,13.238620012998581,47.0000000000006
92,2017036,121.65193401,25.20860415,30.891,2017.0986301369862,13.105870399158448,17.69381994381547,52.99999999999727
93,2017037,121.65193397,25.20860413,30.891,2017.1013698630136,9.085683268494904,15.458894427865744,52.99999999999727
94,2017038,121.65193396,25.20860412,30.886,2017.1041095890412,8.083321328740567,14.346315059810877,47.999999999998266
95,2017039,121.651934,25.20860414,30.881,2017.1068493150685,12.103508459404111,16.581241507083178,42.99999999999926
96,2017040,121.65193401,25.20860415,30.886,2017.109589041096,13.105870399158448,17.69381994381547,47.999999999998266
97,2017041,121.65193402,25.20860416,30.893,2017.1123287671232,14.108232338912785,18.80639884620905,54.999999999999716
98,2017042,121.65193399,25.20860416,30.893,2017.1150684931506,11.085041332989931,18.7917472794652,54.999999999999716
99,2017043,121.65193398,25.20860411,30.891,2017.1178082191782,10.104150336701423,13.248388189822435,52.99999999999727
100,2017047,121.65193397,25.20860411,30.885,2017.1287671232876,9.096420020796359,13.243503868579865,47.0000000000006
101,2017049,121.65193398,25.20860412,30.89,2017.1342465753426,10.098781960550696,14.356082770973444,51.9999999999996
102,2017050,121.65193405,25.20860414,30.881999999999998,2017.13698630137,17.142162658274174,16.605661250650883,43.99999999999693
103,2017051,121.65193399,25.20860413,30.878,2017.1397260273973,11.101146519649774,15.46866213902831,39.99999999999915
104,2017052,121.65193406,25.20860412,30.875999999999998,2017.1424657534246,18.160629784688354,14.395154081285,37.9999999999967
105,2017053,121.65193407,25.20860415,30.875,2017.145205479452,19.152254972141236,17.72312354296446,36.999999999999034
106,2017054,121.65193401,25.20860418,30.879,2017.1479452054793,13.089765270706266,21.016906015574932,41.00000000000037
107,2017055,121.65193405,25.20860418,30.888,2017.150684931507,17.120689153671265,21.036441437900066,50.00000000000071
108,2017056,121.65193403,25.2086042,30.872,2017.1534246575343,15.09449171135202,23.24206428602338,33.99999999999892
109,2017057,121.65193405,25.20860417,30.881,2017.1561643835616,17.126057529821992,19.928746856749058,42.99999999999926
110,2017060,121.651934,25.20860412,30.886999999999997,2017.164383561644,12.114245211705565,14.365850947797298,48.999999999995936
111,2017061,121.65193399,25.20860413,30.89,2017.1671232876713,11.101146519649774,15.46866213902831,51.9999999999996
112,2017062,121.65193402,25.20860413,30.884,2017.1698630136987,14.124337467364967,15.483314171433449,45.999999999999375
113,2017063,121.65193402,25.20860411,30.883000000000003,2017.172602739726,14.135074277874082,13.26792361214757,45.000000000001705
114,2017064,121.65193398,25.20860413,30.88,2017.1753424657534,10.093413584399968,15.463778283447027,41.99999999999804
115,2017065,121.65193398,25.20860413,30.886,2017.1780821917807,10.093413584399968,15.463778283447027,47.999999999998266
116,2017066,121.651934,25.20860412,30.885,2017.1808219178083,12.114245211705565,14.365850947797298,47.0000000000006
117,2017067,121.65193407,25.20860416,30.885,2017.1835616438357,19.14688659599051,18.830818589776754,47.0000000000006
118,2017068,121.65193406,25.20860417,30.891,2017.186301369863,18.133787845727056,19.93363071233034,52.99999999999727
119,2017069,121.65193407,25.20860416,30.891,2017.1890410958904,19.14688659599051,18.830818589776754,52.99999999999727
120,2017070,121.65193406,25.20860416,30.884,2017.1917808219177,18.139156221877784,18.825934268534184,45.999999999999375
121,2017071,121.65193411,25.20860416,30.877,2017.194520547945,23.177810478955507,18.850354477763176,38.999999999997925
122,2017072,121.65193408,25.20860416,30.871,2017.1972602739727,20.154619473032653,18.835702445358038,32.9999999999977
123,2017073,121.651934,25.20860413,30.892,2017.2,12.108876835554838,15.473546460270882,53.999999999998494
124,2017074,121.65193403,25.20860413,30.879,2017.2027397260274,15.132070402614772,15.488197561353445,41.00000000000037
125,2017075,121.651934,25.20860414,30.88,2017.2054794520548,12.103508459404111,16.581241507083178,41.99999999999804
126,2017076,121.651934,25.20860411,30.884,2017.2082191780821,12.119613587856293,13.258155900985003,45.999999999999375
127,2017077,121.651934,25.20860412,30.881,2017.2109589041097,12.114245211705565,14.365850947797298,42.99999999999926
128,2017078,121.65193406,25.20860417,30.88,2017.213698630137,18.133787845727056,19.93363071233034,41.99999999999804
129,2017079,121.65193411,25.20860413,30.881,2017.2164383561644,23.19391560740769,15.527269337326288,42.99999999999926
130,2017080,121.65193401,25.2086041,30.875999999999998,2017.2191780821918,13.132712279912084,12.15534470975399,37.9999999999967
131,2017081,121.65193403,25.20860412,30.881,2017.2219178082191,15.1374387787655,14.380502048879862,42.99999999999926
132,2017082,121.65193402,25.20860413,30.883000000000003,2017.2246575342465,14.124337467364967,15.483314171433449,45.000000000001705
133,2017083,121.65193403,25.2086041,30.874000000000002,2017.227397260274,15.148175531066954,12.165112420916557,36.000000000001364
134,2017084,121.65193402,25.20860413,30.883000000000003,2017.2301369863014,14.124337467364967,15.483314171433449,45.000000000001705
135,2017085,121.65193404,25.2086041,30.889,2017.2328767123288,16.15590584697202,12.16999627649784,50.99999999999838
136,2017086,121.65193402,25.20860411,30.885,2017.2356164383561,14.135074277874082,13.26792361214757,47.0000000000006
137,2017087,121.65193409,25.20860411,30.885,2017.2383561643835,21.189191727899015,13.302111066877842,47.0000000000006
138,2017088,121.65193409,25.20860414,30.884,2017.2410958904109,21.173086541239172,16.625196672976017,45.999999999999375
139,2017089,121.65193413,25.20860413,30.896,2017.2438356164384,25.20937885856256,15.537037048488855,57.99999999999983
140,2017090,121.65193406,25.20860418,30.885,2017.2465753424658,18.12841946957633,21.04132529348135,47.0000000000006
141,2017091,121.65193411,25.20860413,30.881,2017.2493150684932,23.19391560740769,15.527269337326288,42.99999999999926
142,2017092,121.65193408,25.20860413,30.875,2017.2520547945205,20.170724601484835,15.51261730492115,36.999999999999034
143,2017093,121.65193407,25.20860409,30.883000000000003,2017.2547945205479,19.1844652290456,11.076952796429396,45.000000000001705
144,2017097,121.65193404,25.2086041,30.881999999999998,2017.2657534246575,16.15590584697202,12.16999627649784,43.99999999999693
145,2017099,121.65193401,25.20860408,30.861,2017.2712328767122,13.143449032213539,9.939953684806824,22.999999999999687
146,2017100,121.65193397,25.20860409,30.838,2017.2739726027398,9.107156773097813,11.028113774955273,0.0
147,2017101,121.65193411,25.20860419,30.884,2017.2767123287672,23.161705292295665,22.17344054952264,45.999999999999375
148,2017102,121.65193406,25.20860416,30.895,2017.2794520547945,18.139156221877784,18.825934268534184,56.99999999999861
149,2017103,121.65193408,25.20860415,30.884,2017.282191780822,20.15998784918338,17.728007398545742,45.999999999999375
150,2017104,121.65193407,25.20860416,30.881,2017.2849315068493,19.14688659599051,18.830818589776754,42.99999999999926
151,2017105,121.65193411,25.20860413,30.879,2017.2876712328766,23.19391560740769,15.527269337326288,41.00000000000037
152,2017106,121.65193409,25.20860415,30.868000000000002,2017.2904109589042,21.167718165088445,17.732891254127026,30.000000000001137
153,2017107,121.65193412,25.20860417,30.864,2017.2931506849316,24.180174979846925,19.962934777140617,25.9999999999998
154,2017108,121.65193411,25.20860412,30.863000000000003,2017.295890410959,23.199284041766077,14.419573824852705,25.00000000000213
155,2017109,121.65193409,25.20860414,30.86,2017.2986301369863,21.173086541239172,16.625196672976017,21.999999999998465
156,2017110,121.65193399,25.20860407,30.865,2017.3013698630136,11.133356776554137,8.822490461170673,26.99999999999747
157,2017111,121.65193411,25.20860417,30.886999999999997,2017.304109589041,23.17244210280478,19.958050455898046,48.999999999995936
158,2017112,121.65193408,25.20860415,30.886999999999997,2017.3068493150686,20.15998784918338,17.728007398545742,48.999999999995936
159,2017113,121.65193411,25.20860415,30.884,2017.309589041096,23.183178855106235,17.74265943095088,45.999999999999375
160,2017114,121.65193415,25.20860413,30.886,2017.3123287671233,27.224839490372688,15.546804759651423,47.999999999998266
161,2017115,121.65193406,25.20860415,30.893,2017.3150684931506,18.14452459802851,17.718239687383175,54.999999999999716
162,2017116,121.65193411,25.20860416,30.883000000000003,2017.317808219178,23.177810478955507,18.850354477763176,45.000000000001705
163,2017117,121.6519341,25.20860413,30.884,2017.3205479452056,22.186185291502625,15.522385481745005,45.999999999999375
164,2017118,121.65193409,25.20860416,30.897,2017.323287671233,21.162349788937718,18.84058630093932,58.9999999999975
165,2017119,121.65193408,25.20860417,30.886999999999997,2017.3260273972603,20.149251096881926,19.943398889154196,48.999999999995936
166,2017120,121.65193411,25.20860414,30.879,2017.3287671232877,23.188547231256962,16.63496484979987,41.00000000000037
167,2017121,121.65193409,25.20860418,30.889,2017.331506849315,21.151613036636263,21.055977325886488,50.99999999999838
168,2017122,121.6519341,25.20860413,30.889,2017.3342465753424,22.186185291502625,15.522385481745005,50.99999999999838
169,2017123,121.65193404,25.2086041,30.886,2017.33698630137,16.15590584697202,12.16999627649784,47.999999999998266
170,2017124,121.65193405,25.2086041,30.892,2017.3397260273973,17.163636221084744,12.174880132079124,53.999999999998494
171,2017125,121.65193401,25.20860412,30.886,2017.3424657534247,13.12197552761063,14.370734803378582,47.999999999998266
172,2017127,121.65193406,25.20860413,30.886,2017.3479452054794,18.155261408537626,15.502849593758583,47.999999999998266
173,2017128,121.65193394,25.20860414,30.879,2017.3506849315067,6.057123886421323,16.55193790793419,41.00000000000037
174,2017129,121.65193403,25.20860409,30.88,2017.3534246575343,15.153543907217681,11.057416908442974,41.99999999999804
175,2017130,121.65193408,25.20860415,30.886,2017.3561643835617,20.15998784918338,17.728007398545742,47.999999999998266
176,2017131,121.65193412,25.20860415,30.877,2017.358904109589,24.19091173214838,17.747543286532164,38.999999999997925
177,2017132,121.6519341,25.20860415,30.889,2017.3616438356164,22.17544853920117,17.73777510970831,50.99999999999838
178,2017133,121.65193411,25.20860418,30.889,2017.3643835616438,23.167073668446392,21.065745037049055,50.99999999999838
179,2017134,121.65193411,25.20860413,30.885,2017.3671232876711,23.19391560740769,15.527269337326288,47.0000000000006
180,2017135,121.65193414,25.20860417,30.89,2017.3698630136987,26.195635669864714,19.972702022641897,51.9999999999996
181,2017136,121.65193409,25.20860418,30.886,2017.372602739726,21.151613036636263,21.055977325886488,47.999999999998266
182,2017137,121.65193409,25.2086042,30.886,2017.3753424657534,21.14087628433481,23.271367885172367,47.999999999998266
183,2017138,121.6519341,25.20860415,30.881999999999998,2017.3780821917808,22.17544853920117,17.73777510970831,43.99999999999693
184,2017139,121.65193409,25.20860415,30.883000000000003,2017.3808219178081,21.167718165088445,17.732891254127026,45.000000000001705
185,2017140,121.65193416,25.20860413,30.883000000000003,2017.3835616438357,28.232569864485413,15.551688615232706,45.000000000001705
186,2017141,121.6519341,25.20860416,30.899,2017.386301369863,22.170080163050443,18.845470156520605,60.99999999999994
187,2017142,121.65193411,25.20860415,30.878,2017.3890410958904,23.183178855106235,17.74265943095088,39.99999999999915
188,2017143,121.65193409,25.20860413,30.879,2017.3917808219178,21.1784549173899,15.517501626163721,41.00000000000037
189,2017144,121.65193411,25.20860414,30.883000000000003,2017.3945205479451,23.188547231256962,16.63496484979987,45.000000000001705
190,2017145,121.65193414,25.20860415,30.879,2017.3972602739725,26.20637242216617,17.757310532033443,41.00000000000037
191,2017146,121.65193408,25.20860419,30.895,2017.4,20.13851434458047,22.1587885171175,56.99999999999861
192,2017147,121.65193409,25.20860413,30.875999999999998,2017.4027397260274,21.1784549173899,15.517501626163721,37.9999999999967
193,2017148,121.6519341,25.20860411,30.897,2017.4054794520548,22.19692204380408,13.306994922459126,58.9999999999975
194,2017149,121.65193413,25.20860414,30.888,2017.4082191780822,25.20401048241183,16.64473209530115,50.00000000000071
195,2017150,121.6519341,25.20860416,30.891,2017.4109589041095,22.170080163050443,18.845470156520605,52.99999999999727
196,2017151,121.65193414,25.20860416,30.892,2017.4136986301369,26.20100404601544,18.86500557884574,53.999999999998494
197,2017152,121.65193403,25.20860407,30.869,2017.4164383561645,15.164280659519136,8.84202541783452,30.999999999998806
198,2017153,121.65193408,25.20860419,30.862,2017.4191780821918,20.13851434458047,22.1587885171175,23.999999999997357
199,2017154,121.65193413,25.20860417,30.866999999999997,2017.4219178082192,25.18790535395965,19.967818167060614,28.999999999996362
200,2017155,121.65193416,25.20860419,30.889,2017.4246575342465,28.20035954937339,22.197859827429056,50.99999999999838
201,2017156,121.65193411,25.20860412,30.886,2017.427397260274,23.199284041766077,14.419573824852705,47.999999999998266
202,2017157,121.65193416,25.20860417,30.884,2017.4301369863015,28.211096359882504,19.982469733804464,45.999999999999375
203,2017158,121.65193409,25.20860413,30.881,2017.4328767123288,21.1784549173899,15.517501626163721,42.99999999999926
204,2017159,121.65193414,25.20860414,30.878,2017.4356164383562,26.211740798316896,16.649616416543722,39.99999999999915
205,2017160,121.65193408,25.20860414,30.889,2017.4383561643835,20.165356225334108,16.620312817394733,50.99999999999838
206,2017161,121.65193409,25.20860411,30.877,2017.441095890411,21.189191727899015,13.302111066877842,38.999999999997925
207,2017162,121.65193415,25.20860416,30.888,2017.4438356164383,27.208734361920506,18.869889434427023,50.00000000000071
208,2017163,121.65193417,25.2086041,30.877,2017.4465753424658,29.2564079281874,12.233487330377102,38.999999999997925
209,2017164,121.65193417,25.20860406,30.87,2017.4493150684932,29.27788143279031,7.802705280482769,32.00000000000003
210,2017165,121.65193413,25.20860412,30.873,2017.4520547945206,25.214747234713286,14.429341536015272,35.00000000000014
211,2017166,121.65193412,25.20860417,30.886,2017.454794520548,24.180174979846925,19.962934777140617,47.999999999998266
212,2017167,121.65193411,25.20860412,30.881999999999998,2017.4575342465753,23.199284041766077,14.419573824852705,43.99999999999693
213,2017168,121.65193418,25.20860417,30.888,2017.4602739726026,30.226559552829713,19.99223791062832,50.00000000000071
214,2017169,121.65193411,25.2086041,30.878,2017.4630136986302,23.210020794067532,12.2041841968894,39.99999999999915
215,2017170,121.65193413,25.20860414,30.892,2017.4657534246576,25.20401048241183,16.64473209530115,53.999999999998494
216,2017171,121.65193406,25.20860404,30.871,2017.468493150685,18.20357679389417,5.533591844141483,32.9999999999977
217,2017172,121.65193407,25.20860413,30.888,2017.4712328767123,19.16299172444269,15.507733449339867,50.00000000000071
218,2017173,121.65193414,25.20860412,30.886,2017.4739726027397,26.22247760882601,14.434225391596556,47.999999999998266
219,2017174,121.65193402,25.20860415,30.9,2017.4767123287672,14.113600715063512,17.69870426505804,61.99999999999761
220,2017175,121.65193398,25.20860413,30.889,2017.4794520547946,10.093413584399968,15.463778283447027,50.99999999999838
221,2017176,121.65193402,25.20860405,30.864,2017.482191780822,14.167284534778446,6.62175239995122,25.9999999999998
222,2017177,121.65193411,25.2086041,30.892,2017.4849315068493,23.210020794067532,12.2041841968894,53.999999999998494
223,2017178,121.65193409,25.2086041,30.888,2017.4876712328767,21.194560104049742,12.194416020065546,50.00000000000071
224,2017179,121.65193404,25.20860412,30.899,2017.490410958904,16.145169094670564,14.385386370122433,60.99999999999994
225,2017180,121.65193416,25.20860414,30.881,2017.4931506849316,28.227201488334686,16.65938412770629,42.99999999999926
226,2017181,121.65193414,25.20860414,30.886999999999997,2017.495890410959,26.211740798316896,16.649616416543722,48.999999999995936
227,2017182,121.65193418,25.20860413,30.883000000000003,2017.4986301369863,30.24803305743262,15.56145679205656,45.000000000001705
228,2017183,121.65193411,25.20860412,30.877,2017.5013698630137,23.199284041766077,14.419573824852705,38.999999999997925
229,2017184,121.65193422,25.20860415,30.871,2017.504109589041,34.26822024630383,17.796381842345,32.9999999999977
230,2017185,121.65193419,25.2086041,30.883000000000003,2017.5068493150684,31.27186855999753,12.243255041539669,45.000000000001705
231,2017186,121.65193414,25.20860411,30.885,2017.509589041096,26.227845926769078,13.32653034478426,47.0000000000006
232,2017187,121.65193405,25.2086041,30.875999999999998,2017.5123287671233,17.163636221084744,12.174880132079124,37.9999999999967
233,2017188,121.65193413,25.2086041,30.895,2017.5150684931507,25.22548398701474,12.21395144239068,56.99999999999861
234,2017189,121.65193409,25.20860411,30.891,2017.517808219178,21.189191727899015,13.302111066877842,52.99999999999727
235,2017190,121.65193409,25.2086041,30.886,2017.5205479452054,21.194560104049742,12.194416020065546,47.999999999998266
236,2017191,121.65193416,25.20860413,30.881,2017.5232876712328,28.232569864485413,15.551688615232706,42.99999999999926
237,2017192,121.65193414,25.20860413,30.892,2017.5260273972603,26.217109174467623,15.541920904070139,53.999999999998494
238,2017193,121.65193414,25.20860411,30.892,2017.5287671232877,26.227845926769078,13.32653034478426,53.999999999998494
239,2017194,121.65193413,25.20860409,30.881,2017.531506849315,25.230852363165468,11.106255929917097,42.99999999999926
240,2017195,121.65193416,25.2086041,30.872,2017.5342465753424,28.248674992937595,12.228603474795818,33.99999999999892
241,2017196,121.65193418,25.20860413,30.874000000000002,2017.5369863013698,30.24803305743262,15.56145679205656,36.000000000001364
242,2017197,121.65193421,25.20860409,30.877,2017.5397260273974,33.292697626166046,11.14532770588994,38.999999999997925
243,2017198,121.65193419,25.20860409,30.886,2017.5424657534247,31.277236936148256,11.135559994727373,47.999999999998266
244,2017199,121.65193415,25.20860409,30.885,2017.545205479452,27.246313053183258,11.116024106740952,47.0000000000006
245,2017200,121.65193412,25.20860408,30.886999999999997,2017.5479452054794,24.22849042341113,9.993676096200943,48.999999999995936
246,2017201,121.65193412,25.20860407,30.889,2017.5506849315068,24.233858799561858,8.88598058372736,50.99999999999838
247,2017202,121.65193414,25.20860406,30.879,2017.5534246575342,26.254687865730375,7.788053248077631,41.00000000000037
248,2017203,121.65193413,25.20860406,30.873,2017.5561643835617,25.24695754982531,7.783169392496347,35.00000000000014
249,2017204,121.65193413,25.2086041,30.886,2017.558904109589,25.22548398701474,12.21395144239068,47.999999999998266
250,2017205,121.65193411,25.20860408,30.881999999999998,2017.5616438356165,23.220757546368986,9.988792706280947,43.99999999999693
251,2017206,121.6519341,25.20860408,30.879,2017.5643835616438,22.21302717225626,9.983908850699663,41.00000000000037
252,2017207,121.6519341,25.20860407,30.889,2017.5671232876712,22.21839554840699,8.87621333822608,50.99999999999838
253,2017208,121.65193411,25.20860408,30.873,2017.5698630136985,23.220757546368986,9.988792706280947,35.00000000000014
254,2017209,121.65193419,25.20860409,30.868000000000002,2017.572602739726,31.277236936148256,11.135559994727373,30.000000000001137
255,2017210,121.65193417,25.2086041,30.87,2017.5753424657535,29.2564079281874,12.233487330377102,32.00000000000003
256,2017211,121.65193415,25.20860416,30.88,2017.5780821917808,27.208734361920506,18.869889434427023,41.99999999999804
257,2017212,121.65193419,25.20860413,30.885,2017.5808219178082,31.255763431545347,15.566340647637844,47.0000000000006
258,2017213,121.65193421,25.20860412,30.886,2017.5835616438355,33.276592497713864,14.468413311988115,47.999999999998266
259,2017214,121.65193418,25.20860414,30.886999999999997,2017.5863013698631,30.242664681281894,16.669151838868856,48.999999999995936
260,2017215,121.65193414,25.20860409,30.878,2017.5890410958905,26.238582737278193,11.111140251159668,39.99999999999915
261,2017216,121.65193415,25.20860409,30.881999999999998,2017.5917808219178,27.246313053183258,11.116024106740952,43.99999999999693
262,2017217,121.65193411,25.2086041,30.886,2017.5945205479452,23.210020794067532,12.2041841968894,47.999999999998266
263,2017218,121.6519341,25.20860404,30.894000000000002,2017.5972602739726,22.23450067685917,5.553127732127905,56.00000000000094
264,2017219,121.65193413,25.20860409,30.897,2017.6,25.230852363165468,11.106255929917097,58.9999999999975
265,2017220,121.65193407,25.20860409,30.893,2017.6027397260275,19.1844652290456,11.076952796429396,54.999999999999716
266,2017221,121.65193407,25.20860399,30.875999999999998,2017.6054794520549,19.238149106968194,0.0,37.9999999999967
267,2017222,121.65193414,25.2086041,30.893,2017.6082191780822,26.233214361127466,12.218835297971964,54.999999999999716
268,2017223,121.65193418,25.2086041,30.881,2017.6109589041096,30.264138244092464,12.238371185958385,42.99999999999926
269,2017224,121.65193413,25.20860411,30.889,2017.613698630137,25.220115610864013,13.321646489202976,50.99999999999838
270,2017225,121.65193413,25.20860412,30.881,2017.6164383561643,25.214747234713286,14.429341536015272,42.99999999999926
271,2017226,121.65193422,25.20860413,30.892,2017.6191780821919,34.27895699860528,15.580992214381695,53.999999999998494
272,2017227,121.65193416,25.2086041,30.873,2017.6219178082192,28.248674992937595,12.228603474795818,35.00000000000014
273,2017228,121.65193417,25.20860408,30.881,2017.6246575342466,29.267144680488855,10.018095839768648,42.99999999999926
274,2017229,121.65193413,25.20860408,30.881,2017.627397260274,25.236220739316195,9.998559951782227,42.99999999999926
275,2017230,121.65193417,25.20860406,30.883000000000003,2017.6301369863013,29.27788143279031,7.802705280482769,45.000000000001705
276,2017231,121.65193409,25.20860408,30.885,2017.6328767123289,21.205296856351197,9.97902499511838,47.0000000000006
277,2017232,121.6519342,25.20860412,30.884,2017.6356164383562,32.26886212360114,14.463528990745544,45.999999999999375
278,2017233,121.65193419,25.20860411,30.883000000000003,2017.6383561643836,31.2665001838468,13.350950088351965,45.000000000001705
279,2017234,121.65193415,25.20860405,30.885,2017.641095890411,27.267786557786167,6.685242988169193,47.0000000000006
280,2017235,121.65193411,25.20860407,30.875999999999998,2017.6438356164383,23.226125922519714,8.881097193807364,37.9999999999967
281,2017236,121.65193414,25.20860409,30.89,2017.6465753424657,26.238582737278193,11.111140251159668,51.9999999999996
282,2017237,121.65193416,25.20860405,30.885,2017.6493150684933,28.27551687369123,6.690126843750477,47.0000000000006
283,2017238,121.65193418,25.20860407,30.886999999999997,2017.6520547945206,30.280243372544646,8.915284648537636,48.999999999995936
284,2017239,121.65193417,25.20860406,30.872,2017.654794520548,29.27788143279031,7.802705280482769,33.99999999999892
285,2017240,121.65193415,25.20860405,30.878,2017.6575342465753,27.267786557786167,6.685242988169193,39.99999999999915
286,2017241,121.65193413,25.20860404,30.889,2017.6602739726027,25.257694302126765,5.567778833210468,50.99999999999838
287,2017242,121.6519342,25.20860411,30.886,2017.66301369863,32.27423055795953,13.355833943933249,47.999999999998266
288,2017243,121.65193417,25.20860414,30.874000000000002,2017.6657534246576,29.23493436537683,16.664267983287573,36.000000000001364
289,2017244,121.65193419,25.20860412,30.893,2017.668493150685,31.261131807696074,14.45864513516426,54.999999999999716
290,2017245,121.65193422,25.20860413,30.88,2017.6712328767123,34.27895699860528,15.580992214381695,41.99999999999804
291,2017246,121.65193424,25.20860411,30.873,2017.6739726027397,36.305154382716864,13.375369366258383,35.00000000000014
292,2017247,121.65193422,25.20860407,30.884,2017.676712328767,34.311167255509645,8.93482007086277,45.999999999999375
293,2017248,121.65193419,25.20860408,30.873,2017.6794520547944,31.282605312298983,10.027864016592503,35.00000000000014
294,2017249,121.65193422,25.20860413,30.881,2017.682191780822,34.27895699860528,15.580992214381695,42.99999999999926
295,2017250,121.65193423,25.20860411,30.881,2017.6849315068494,35.29742412501946,13.3704855106771,42.99999999999926
296,2017251,121.65193422,25.20860412,30.899,2017.6876712328767,34.28432537475601,14.473296701908112,60.99999999999994
297,2017252,121.65193422,25.20860411,30.892,2017.690410958904,34.289693750906736,13.365601655095816,53.999999999998494
298,2017253,121.65193416,25.20860413,30.881999999999998,2017.6931506849314,28.232569864485413,15.551688615232706,43.99999999999693
299,2017254,121.65193422,25.2086041,30.885,2017.695890410959,34.29506212705746,12.25790660828352,47.0000000000006
300,2017255,121.65193422,25.20860413,30.883000000000003,2017.6986301369864,34.27895699860528,15.580992214381695,45.000000000001705
301,2017256,121.65193421,25.2086041,30.875999999999998,2017.7013698630137,33.28732925001532,12.253023218363523,37.9999999999967
302,2017257,121.65193415,25.2086041,30.871,2017.704109589041,27.24094467703253,12.223719619214535,32.9999999999977
303,2017258,121.65193419,25.20860406,30.874000000000002,2017.7068493150684,31.2933421228081,7.812472991645336,36.000000000001364
304,2017259,121.65193418,25.20860407,30.881999999999998,2017.7095890410958,30.280243372544646,8.915284648537636,43.99999999999693
305,2017260,121.65193417,25.20860412,30.879,2017.7123287671234,29.245671175885946,14.448877424001694,41.00000000000037
306,2017261,121.65193422,25.2086041,30.884,2017.7150684931507,34.29506212705746,12.25790660828352,45.999999999999375
307,2017262,121.6519342,25.20860411,30.881,2017.717808219178,32.27423055795953,13.355833943933249,42.99999999999926
308,2017263,121.65193417,25.20860413,30.893,2017.7205479452055,29.240302741527557,15.55657247081399,54.999999999999716
309,2017264,121.65193421,25.2086041,30.885,2017.7232876712328,33.28732925001532,12.253023218363523,47.0000000000006
310,2017265,121.65193418,25.2086041,30.87,2017.7260273972602,30.264138244092464,12.238371185958385,32.00000000000003
311,2017266,121.65193419,25.20860409,30.888,2017.7287671232878,31.277236936148256,11.135559994727373,50.00000000000071
312,2017267,121.65193421,25.2086041,30.889,2017.731506849315,33.28732925001532,12.253023218363523,50.99999999999838
313,2017268,121.65193425,25.20860407,30.88,2017.7342465753425,37.3343582614325,8.94947163760662,41.99999999999804
314,2017269,121.65193422,25.20860409,30.883000000000003,2017.7369863013698,34.30043050320819,11.150211095809937,45.000000000001705
315,2017270,121.65193426,25.20860407,30.881999999999998,2017.7397260273972,38.342091196682304,8.954355958849192,43.99999999999693
316,2017271,121.6519343,25.20860412,30.884,2017.7424657534248,42.346170579548925,14.512368477880955,45.999999999999375
317,2017272,121.65193423,25.20860411,30.881,2017.7452054794521,35.29742412501946,13.3704855106771,42.99999999999926
318,2017273,121.65193423,25.20860404,30.881999999999998,2017.7479452054795,35.33500275807455,5.616618320345879,43.99999999999693
319,2017274,121.65193423,25.20860413,30.881,2017.7506849315068,35.286687314510345,15.585876069962978,42.99999999999926
320,2017275,121.65193423,25.20860409,30.879,2017.7534246575342,35.308160877320915,11.155095417052507,41.00000000000037
321,2017276,121.65193423,25.2086041,30.88,2017.7561643835616,35.30279250117019,12.262790463864803,41.99999999999804
322,2017277,121.65193417,25.20860406,30.881999999999998,2017.7589041095891,29.27788143279031,7.802705280482769,43.99999999999693
323,2017278,121.65193419,25.2086041,30.886,2017.7616438356165,31.27186855999753,12.243255041539669,47.999999999998266
324,2017279,121.65193422,25.20860406,30.905,2017.7643835616439,34.31653563166037,7.827124558389187,67.00000000000017
325,2017280,121.65193419,25.20860405,30.889,2017.7671232876712,31.298710440751165,6.7047784104943275,50.99999999999838
326,2017281,121.65193421,25.20860411,30.901999999999997,2017.7698630136986,33.28196081565693,13.36071826517582,63.999999999996504
327,2017282,121.65193421,25.20860408,30.886999999999997,2017.772602739726,33.29806600231677,10.03763172775507,48.999999999995936
328,2017283,121.65193423,25.20860406,30.89,2017.7753424657535,35.3242660057731,7.83200841397047,51.9999999999996
329,2017284,121.6519342,25.20860408,30.886,2017.7780821917809,32.29033568641171,10.032747872173786,47.999999999998266
330,2017285,121.65193419,25.20860406,30.89,2017.7808219178082,31.2933421228081,7.812472991645336,51.9999999999996
331,2017286,121.65193423,25.20860408,30.898000000000003,2017.7835616438356,35.31352925347164,10.047399438917637,60.000000000002274
332,2017287,121.65193423,25.2086041,30.889,2017.786301369863,35.30279250117019,12.262790463864803,50.99999999999838
333,2017288,121.65193427,25.20860402,30.883000000000003,2017.7890410958903,39.376660890411586,3.4207641147077084,45.000000000001705
334,2017289,121.65193424,25.2086041,30.899,2017.7917808219179,36.31052281707525,12.267674785107374,60.99999999999994
335,2017290,121.6519342,25.20860404,30.872,2017.7945205479452,32.31180919101462,5.601966753602028,33.99999999999892
336,2017291,121.65193423,25.20860403,30.895,2017.7972602739726,35.34037113422528,4.508923273533583,56.99999999999861
337,2017292,121.65193423,25.20860407,30.886,2017.8,35.31889762962237,8.939703926444054,47.999999999998266
338,2017293,121.65193425,25.20860406,30.885,2017.8027397260273,37.33972669579089,7.841776590794325,47.0000000000006
339,2017294,121.65193423,25.2086041,30.889,2017.805479452055,35.30279250117019,12.262790463864803,50.99999999999838
340,2017295,121.65193425,25.20860407,30.883000000000003,2017.8082191780823,37.3343582614325,8.94947163760662,45.000000000001705
341,2017296,121.65193423,25.2086041,30.884,2017.8109589041096,35.30279250117019,12.262790463864803,45.999999999999375
342,2017297,121.65193422,25.20860412,30.889,2017.813698630137,34.28432537475601,14.473296701908112,50.99999999999838
343,2017298,121.65193428,25.20860408,30.892,2017.8164383561643,40.352183452341706,10.071819182485342,53.999999999998494
344,2017299,121.65193423,25.20860407,30.894000000000002,2017.8191780821917,35.31889762962237,8.939703926444054,56.00000000000094
345,2017300,121.65193424,25.20860409,30.884,2017.8219178082193,36.31589119322598,11.159979272633791,45.999999999999375
346,2017301,121.65193421,25.20860405,30.886999999999997,2017.8246575342466,33.314171130768955,6.714546587318182,48.999999999995936
347,2017302,121.65193422,25.20860406,30.889,2017.827397260274,34.31653563166037,7.827124558389187,50.99999999999838
348,2017303,121.65193421,25.20860405,30.89,2017.8301369863013,33.314171130768955,6.714546587318182,51.9999999999996
349,2017304,121.65193423,25.20860409,30.906999999999996,2017.8328767123287,35.308160877320915,11.155095417052507,68.99999999999551
